episode,reward,coins_collected,steps,crashed,truncated,levels_beat
1,10.000000000000007,0,200,0,1,0
2,10.000000000000007,0,200,0,1,0
3,10.000000000000007,0,200,0,1,0
4,10.000000000000007,0,200,0,1,0
5,10.000000000000007,0,200,0,1,0
6,10.000000000000007,0,200,0,1,0
7,10.000000000000007,0,200,0,1,0
8,10.000000000000007,0,200,0,1,0
9,10.000000000000007,0,200,0,1,0
10,10.000000000000007,0,200,0,1,0
