episode,reward,coins_collected,steps,crashed,truncated,levels_beat
1,4.99999999999999,0,100,0,1,0
2,4.99999999999999,0,100,0,1,0
3,4.99999999999999,0,100,0,1,0
4,4.99999999999999,0,100,0,1,0
5,4.99999999999999,0,100,0,1,0
6,4.99999999999999,0,100,0,1,0
7,4.99999999999999,0,100,0,1,0
8,4.99999999999999,0,100,0,1,0
9,4.99999999999999,0,100,0,1,0
10,4.99999999999999,0,100,0,1,0
