episode,reward,coins_collected,steps,crashed,truncated
1,450.1499999999774,0,3001,0,1
2,450.1499999999774,0,3001,0,1
3,450.1499999999774,0,3001,0,1
4,450.1499999999774,0,3001,0,1
5,450.1499999999774,0,3001,0,1
6,450.1499999999774,0,3001,0,1
7,450.1499999999774,0,3001,0,1
8,450.1499999999774,0,3001,0,1
9,450.1499999999774,0,3001,0,1
10,450.1499999999774,0,3001,0,1
